{"type": "metrics", "dataset": "train", "precision": 0.691170750680669, "balanced_accuracy": 0.6635784384687515, "recall": 0.3760846560846561, "f1_score": 0.48711622807017546}
{"type": "metrics", "dataset": "test", "precision": 0.6786678667866787, "balanced_accuracy": 0.6725596162579153, "recall": 0.3955928646379853, "f1_score": 0.4998342724560822}
{"type": "cm_matrix", "dataset": "train", "true_0": {"predicted_0": 15434, "predicted_1": 794}, "true_1": {"predicted_0": 794, "predicted_1": 1777}}
{"type": "cm_matrix", "dataset": "test", "true_0": {"predicted_0": 6716, "predicted_1": 357}, "true_1": {"predicted_0": 357, "predicted_1": 754}}
